{
  "Administrative": 0.38371128980851155,
  "Executive": 0.041553667062025755,
  "Financial": 0.49712832339742513,
  "Operational": 0.07106777650803833,
  "Regulatory": 0.3698137677311515,
  "Technical": 0.20343670050293303
}