{
  "Administrative": 0.3543426310293532,
  "Executive": 0.04602819997337906,
  "Financial": 0.3648341912057232,
  "Operational": 0.07941793455857009,
  "Regulatory": 0.3386841645061287,
  "Technical": 0.5548809318024055
}